 ,,,,,,
"PRECIOS MÁXIMOS AL PÚBLICO APLICABLES A LAS GASOLINAS Y EL DIÉSEL EN LAS REGIONES QUE SE INDICAN, CORRESPONDIENTES AL PERIODO COMPRENDIDO DEL 7 AL 9 DE OCTUBRE DE 2017",,,,,,
NO. DE REGIÓN,REGIÓN,ESTADO(S),MUNICIPIO(S) Y/O ZONA METROPOLITANA,PRECIOS MÁXIMOS AL PÚBLICO,,
,,,,GASOLINA MENOR A 92 OCTANOS,GASOLINA  MAYOR O IGUAL A 92 OCTANOS,DIÉSEL
1,ACAPULCO,GUERRERO,SAN LUIS ACATLÁN,$15.96,$17.66,$16.84
,,,TECOANAPA,$15.96,$17.66,$16.84
,,,IGUALAPA,$15.96,$17.66,$16.84
,,,OMETEPEC,$15.96,$17.66,$16.84
,,,AZOYU,$15.96,$17.66,$16.84
,,,AYUTLA DE LOS LIBRES,$15.96,$17.66,$16.84
,,,TECPAN DE GALEANA,$15.96,$17.66,$16.84
,,,COPALA,$15.96,$17.66,$16.84
,,,FLORENCIO VILLARREAL,$15.96,$17.66,$16.84
,,,ATOYAC DE ALVAREZ,$15.96,$17.66,$16.84
,,,SAN MARCOS,$15.96,$17.66,$16.84
,,,JUAN R ESCUDERO,$15.96,$17.66,$16.84
,,,COYUCA DE BENITEZ,$15.96,$17.66,$16.84
,,,ACAPULCO DE JUAREZ,$15.96,$17.66,$16.84
2,AGUASCALIENTES,GUANAJUATO,OCAMPO,$16.25,$17.94,$17.09
,,ZACATECAS,APULCO,$16.25,$17.94,$17.09
,,JALISCO,TEOCALTICHE,$16.25,$17.94,$17.09
,,,ENCARNACION DE DIAZ,$16.25,$17.94,$17.09
,,AGUASCALIENTES,TEPEZALA,$16.25,$17.94,$17.09
,,,SAN JOSE DE GRACIA,$16.25,$17.94,$17.09
,,,PABELLON DE ARTEAGA,$16.25,$17.94,$17.09
,,,SAN FRANCISCO DE LOS ROMO,$16.25,$17.94,$17.09
,,,AGUASCALIENTES,$16.25,$17.94,$17.09
3,AÑIL,ESTADO DE MÉXICO,ATENCO,$16.27,$18.16,$16.94
,,,CHALCO,$16.27,$18.16,$16.94
,,,CHICOLOAPAN,$16.27,$18.16,$16.94
,,,IXTAPALUCA,$16.27,$18.16,$16.94
,,,CHIMALHUACAN,$16.27,$18.16,$16.94
,,,LA PAZ,$16.27,$18.16,$16.94
,,,NEZAHUALCOYOTL,$16.27,$18.16,$16.94
,,CIUDAD DE MÉXICO,CUAUHTEMOC,$16.27,$18.16,$16.94
,,,IZTACALCO,$16.27,$18.16,$16.94
,,,LA MAGDALENA CONTRERAS,$16.27,$18.16,$16.94
,,,COYOACAN,$16.27,$18.16,$16.94
,,,MILPA ALTA,$16.27,$18.16,$16.94
,,,VENUSTIANO CARRANZA,$16.27,$18.16,$16.94
4,AZCAPOTZALCO,ESTADO DE MÉXICO,MELCHOR OCAMPO,$16.22,$18.14,$16.88
,,,NICOLAS ROMERO,$16.22,$18.14,$16.88
,,,CUAUTITLAN,$16.22,$18.14,$16.88
,,,JILOTZINGO,$16.22,$18.14,$16.88
,,,CUAUTITLAN IZCALLI,$16.22,$18.14,$16.88
,,,TEPOTZOTLAN,$16.22,$18.14,$16.88
,,,ATIZAPAN DE ZARAGOZA,$16.22,$18.14,$16.88
,,,HUIXQUILUCAN,$16.22,$18.14,$16.88
,,,ATIZAPAN,$16.22,$18.14,$16.88
,,,NAUCALPAN DE JUAREZ,$16.22,$18.14,$16.88
,,,TLALNEPANTLA DE BAZ,$16.22,$18.14,$16.88
,,CIUDAD DE MÉXICO,AZCAPOTZALCO,$16.22,$18.14,$16.88
5,BARRANCA DEL MUERTO,CIUDAD DE MÉXICO,GUSTAVO A MADERO,$16.28,$18.16,$16.93
,,,MIGUEL HIDALGO,$16.28,$18.16,$16.93
,,,XOCHIMILCO,$16.28,$18.16,$16.93
,,,BENITO JUAREZ,$16.28,$18.16,$16.93
,,,CUAJIMALPA DE MORELOS,$16.28,$18.16,$16.93
,,,ALVARO OBREGON,$16.28,$18.16,$16.93
,,,TLALPAN,$16.28,$18.16,$16.93
,,,TLAHUAC,$16.28,$18.16,$16.93
7,CAMPECHE,CAMPECHE,CARMEN,$15.72,$17.43,$16.60
,,,ESCARCEGA,$15.72,$17.43,$16.60
,,,CALKINI,$15.72,$17.43,$16.60
,,,CHAMPOTON,$15.72,$17.43,$16.60
,,,TENABO,$15.72,$17.43,$16.60
,,,CAMPECHE,$15.72,$17.43,$16.60
8,CELAYA,GUANAJUATO,ACAMBARO,$16.18,$17.88,$17.02
,,,SAN MIGUEL DE ALLENDE,$16.18,$17.88,$17.02
,,,DOLORES HIDALGO CUNA DE LA INDEPENDENCIA NACIONAL,$16.18,$17.88,$17.02
,,,TARIMORO,$16.18,$17.88,$17.02
,,,SALVATIERRA,$16.18,$17.88,$17.02
,,,APASEO EL ALTO,$16.18,$17.88,$17.02
,,,JARAL DEL PROGRESO,$16.18,$17.88,$17.02
,,,SANTA CRUZ DE JUVENTINO ROSAS,$16.18,$17.88,$17.02
,,,JERECUARO,$16.18,$17.88,$17.02
,,,COMONFORT,$16.18,$17.88,$17.02
,,,APASEO EL GRANDE,$16.18,$17.88,$17.02
,,,VILLAGRAN,$16.18,$17.88,$17.02
,,,CELAYA,$16.18,$17.88,$17.02
,,,CORTAZAR,$16.18,$17.88,$17.02
10,COLIMA,COLIMA,COLIMA,$16.22,$17.92,$17.08
,,,CUAUHTEMOC,$16.22,$17.92,$17.08
,,,COMALA,$16.22,$17.92,$17.08
,,,COQUIMATLAN,$16.22,$17.92,$17.08
,,,VILLA DE ALVAREZ,$16.22,$17.92,$17.08
11,CUAUTLA,PUEBLA,TEHUITZINGO,$15.96,$17.67,$16.82
,,,TECOMATLAN,$15.96,$17.67,$16.82
,,,IZUCAR DE MATAMOROS,$15.96,$17.67,$16.82
,,,CHIETLA,$15.96,$17.67,$16.82
,,,EPATLAN,$15.96,$17.67,$16.82
,,,TILAPA,$15.96,$17.67,$16.82
,,MORELOS,AXOCHIAPAN,$15.96,$17.67,$16.82
,,,TETELA DEL VOLCAN,$15.96,$17.67,$16.82
,,,TOTOLAPAN,$15.96,$17.67,$16.82
,,,TLAYACAPAN,$15.96,$17.67,$16.82
,,,TEPALCINGO,$15.96,$17.67,$16.82
,,,YECAPIXTLA,$15.96,$17.67,$16.82
,,,YAUTEPEC,$15.96,$17.67,$16.82
,,,AYALA,$15.96,$17.67,$16.82
,,,JANTETELCO,$15.96,$17.67,$16.82
,,,ATLATLAHUCAN,$15.96,$17.67,$16.82
,,,CUAUTLA,$15.96,$17.67,$16.82
,,,JONACATEPEC DE LEANDRO VALLE,$15.96,$17.67,$16.82
,,,TEMOAC,$15.96,$17.67,$16.82
,,ESTADO DE MÉXICO,TEPETLIXPA,$15.96,$17.67,$16.82
12,CUERNAVACA,MORELOS,AMACUZAC,$16.00,$17.73,$16.88
,,,MAZATEPEC,$16.00,$17.73,$16.88
,,,JOJUTLA,$16.00,$17.73,$16.88
,,,PUENTE DE IXTLA,$16.00,$17.73,$16.88
,,,TLALTIZAPAN DE ZAPATA,$16.00,$17.73,$16.88
,,,HUITZILAC,$16.00,$17.73,$16.88
,,,ZACATEPEC,$16.00,$17.73,$16.88
,,,MIACATLAN,$16.00,$17.73,$16.88
,,,TEPOZTLAN,$16.00,$17.73,$16.88
,,,XOCHITEPEC,$16.00,$17.73,$16.88
,,,CUERNAVACA,$16.00,$17.73,$16.88
,,,EMILIANO ZAPATA,$16.00,$17.73,$16.88
,,,TEMIXCO,$16.00,$17.73,$16.88
,,,JIUTEPEC,$16.00,$17.73,$16.88
13,CULIACAN,SINALOA,CULIACAN,$16.33,$18.03,$17.22
,,,NAVOLATO,$16.33,$18.03,$17.22
14,DURANGO,DURANGO,NUEVO IDEAL,$16.34,$18.04,$17.16
,,,SANTIAGO PAPASQUIARO,$16.34,$18.04,$17.16
,,,SAN JUAN DEL RIO,$16.34,$18.04,$17.16
,,,PUEBLO NUEVO,$16.34,$18.04,$17.16
,,,SUCHIL,$16.34,$18.04,$17.16
,,,MEZQUITAL,$16.34,$18.04,$17.16
,,,VICENTE GUERRERO,$16.34,$18.04,$17.16
,,,POANAS,$16.34,$18.04,$17.16
,,,GUADALUPE VICTORIA,$16.34,$18.04,$17.16
,,,NOMBRE DE DIOS,$16.34,$18.04,$17.16
,,,CANATLAN,$16.34,$18.04,$17.16
,,,PANUCO DE CORONADO,$16.34,$18.04,$17.16
,,,TOPIA,$16.34,$18.04,$17.16
,,,DURANGO,$16.34,$18.04,$17.16
15,EL CASTILLO,JALISCO,TUXCUECA,$16.48,$18.39,$17.13
,,,ACATIC,$16.48,$18.39,$17.13
,,,TEPATITLAN DE MORELOS,$16.48,$18.39,$17.13
,,,OCOTLAN,$16.48,$18.39,$17.13
,,,TOTOTLAN,$16.48,$18.39,$17.13
,,,ZAPOTLAN DEL REY,$16.48,$18.39,$17.13
,,,JOCOTEPEC,$16.48,$18.39,$17.13
,,,ZACOALCO DE TORRES,$16.48,$18.39,$17.13
,,,PONCITLAN,$16.48,$18.39,$17.13
,,,ZAPOTLANEJO,$16.48,$18.39,$17.13
,,,CHAPALA,$16.48,$18.39,$17.13
,,,ZAPOPAN,$16.48,$18.39,$17.13
,,,JUANACATLAN,$16.48,$18.39,$17.13
,,,IXTLAHUACAN DE LOS MEMBRILLOS,$16.48,$18.39,$17.13
,,,EL SALTO,$16.48,$18.39,$17.13
17,ESCAMELA,VERACRUZ DE IGNACIO DE LA LLAVE,CUITLAHUAC,$15.69,$17.42,$16.56
,,,ZONGOLICA,$15.69,$17.42,$16.56
,,,CHOCAMAN,$15.69,$17.42,$16.56
,,,ATOYAC,$15.69,$17.42,$16.56
,,,SOLEDAD ATZOMPA,$15.69,$17.42,$16.56
,,,YANGA,$15.69,$17.42,$16.56
,,,ACULTZINGO,$15.69,$17.42,$16.56
,,,COSCOMATEPEC,$15.69,$17.42,$16.56
,,,AMATLAN DE LOS REYES,$15.69,$17.42,$16.56
,,,TLILAPAN,$15.69,$17.42,$16.56
,,,CORDOBA,$15.69,$17.42,$16.56
,,,NOGALES,$15.69,$17.42,$16.56
,,,ORIZABA,$15.69,$17.42,$16.56
,,,CAMERINO Z MENDOZA,$15.69,$17.42,$16.56
,,,FORTIN,$15.69,$17.42,$16.56
,,,HUILOAPAN DE CUAUHTEMOC,$15.69,$17.42,$16.56
,,,IXHUATLANCILLO,$15.69,$17.42,$16.56
,,,IXTACZOQUITLAN,$15.69,$17.42,$16.56
,,,MARIANO ESCOBEDO,$15.69,$17.42,$16.56
,,,RAFAEL DELGADO,$15.69,$17.42,$16.56
,,,RIO BLANCO,$15.69,$17.42,$16.56
18,GOMEZ PALACIO,DURANGO,NAZAS,$16.22,$17.92,$17.07
,,,TLAHUALILO,$16.22,$17.92,$17.07
,,,LERDO,$16.22,$17.92,$17.07
19,GUADALAJARA,ZACATECAS,TEUL DE GONZALEZ ORTEGA,$16.47,$18.39,$17.10
,,,BENITO JUAREZ,$16.47,$18.39,$17.10
,,JALISCO,ATENGUILLO,$16.47,$18.39,$17.10
,,,CONCEPCION DE BUENOS AIRES,$16.47,$18.39,$17.10
,,,LA MANZANILLA DE LA PAZ,$16.47,$18.39,$17.10
,,,EL GRULLO,$16.47,$18.39,$17.10
,,,TAMAZULA DE GORDIANO,$16.47,$18.39,$17.10
,,,AYUTLA,$16.47,$18.39,$17.10
,,,UNION DE TULA,$16.47,$18.39,$17.10
,,,ATENGO,$16.47,$18.39,$17.10
,,,TAPALPA,$16.47,$18.39,$17.10
,,,CHIQUILISTLAN,$16.47,$18.39,$17.10
,,,JUCHITLAN,$16.47,$18.39,$17.10
,,,TENAMAXTLAN,$16.47,$18.39,$17.10
,,,ZAPOTLAN EL GRANDE,$16.47,$18.39,$17.10
,,,MIXTLAN,$16.47,$18.39,$17.10
,,,GOMEZ FARIAS,$16.47,$18.39,$17.10
,,,TEOCUITATLAN DE CORONA,$16.47,$18.39,$17.10
,,,TECOLOTLAN,$16.47,$18.39,$17.10
,,,SAN GABRIEL,$16.47,$18.39,$17.10
,,,SAYULA,$16.47,$18.39,$17.10
,,,ATEMAJAC DE BRIZUELA,$16.47,$18.39,$17.10
,,,SAN MARTIN HIDALGO,$16.47,$18.39,$17.10
,,,SAN MARCOS,$16.47,$18.39,$17.10
,,,CUQUIO,$16.47,$18.39,$17.10
,,,TECHALUTA DE MONTENEGRO,$16.47,$18.39,$17.10
,,,AMECA,$16.47,$18.39,$17.10
,,,SAN JUANITO DE ESCOBEDO,$16.47,$18.39,$17.10
,,,ETZATLAN,$16.47,$18.39,$17.10
,,,MAGDALENA,$16.47,$18.39,$17.10
,,,COCULA,$16.47,$18.39,$17.10
,,,IXTLAHUACAN DEL RIO,$16.47,$18.39,$17.10
,,,AHUALULCO DE MERCADO,$16.47,$18.39,$17.10
,,,TEQUILA,$16.47,$18.39,$17.10
,,,VILLA CORONA,$16.47,$18.39,$17.10
,,,TEUCHITLAN,$16.47,$18.39,$17.10
,,,ACATLAN DE JUAREZ,$16.47,$18.39,$17.10
,,,AMATITAN,$16.47,$18.39,$17.10
,,,TALA,$16.47,$18.39,$17.10
,,,TLAJOMULCO DE ZUÑIGA,$16.47,$18.39,$17.10
,,,TONALA,$16.47,$18.39,$17.10
,,,EL ARENAL,$16.47,$18.39,$17.10
,,,GUADALAJARA,$16.47,$18.39,$17.10
,,,SAN PEDRO TLAQUEPAQUE,$16.47,$18.39,$17.10
20,GUAMUCHIL,SINALOA,GUASAVE,$16.28,$17.97,$17.17
,,,ANGOSTURA,$16.28,$17.97,$17.17
,,,MOCORITO,$16.28,$17.97,$17.17
,,,SALVADOR ALVARADO,$16.28,$17.97,$17.17
23,IGUALA,GUERRERO,TIXTLA DE GUERRERO,$16.05,$17.76,$16.92
,,,LEONARDO BRAVO,$16.05,$17.76,$16.92
,,,CHILPANCINGO DE LOS BRAVO,$16.05,$17.76,$16.92
,,,ATENANGO DEL RIO,$16.05,$17.76,$16.92
,,,APAXTLA,$16.05,$17.76,$16.92
,,,MOCHITLAN,$16.05,$17.76,$16.92
,,,EDUARDO NERI,$16.05,$17.76,$16.92
,,,TELOLOAPAN,$16.05,$17.76,$16.92
,,,TAXCO DE ALARCON,$16.05,$17.76,$16.92
,,,HUITZUCO DE LOS FIGUEROA,$16.05,$17.76,$16.92
,,,BUENAVISTA DE CUELLAR,$16.05,$17.76,$16.92
,,,TEPECOACUILCO DE TRUJANO,$16.05,$17.76,$16.92
,,,COCULA,$16.05,$17.76,$16.92
,,,IGUALA DE LA INDEPENDENCIA,$16.05,$17.76,$16.92
24,IRAPUATO,GUANAJUATO,YURIRIA,$16.22,$17.92,$17.10
,,,PENJAMO,$16.22,$17.92,$17.10
,,,HUANIMARO,$16.22,$17.92,$17.10
,,,GUANAJUATO,$16.22,$17.92,$17.10
,,,CUERAMARO,$16.22,$17.92,$17.10
,,,VALLE DE SANTIAGO,$16.22,$17.92,$17.10
,,,SILAO DE LA VICTORIA,$16.22,$17.92,$17.10
,,,ABASOLO,$16.22,$17.92,$17.10
,,,PUEBLO NUEVO,$16.22,$17.92,$17.10
,,,SALAMANCA,$16.22,$17.92,$17.10
,,,IRAPUATO,$16.22,$17.92,$17.10
25,JALAPA,VERACRUZ DE IGNACIO DE LA LLAVE,NAOLINCO,$15.68,$17.37,$16.52
,,,TEOCELO,$15.68,$17.37,$16.52
,,,ACAJETE,$15.68,$17.37,$16.52
,,,EMILIANO ZAPATA,$15.68,$17.37,$16.52
,,,XICO,$15.68,$17.37,$16.52
,,,XALAPA,$15.68,$17.37,$16.52
,,,BANDERILLA,$15.68,$17.37,$16.52
,,,COATEPEC,$15.68,$17.37,$16.52
,,,JILOTEPEC,$15.68,$17.37,$16.52
,,,RAFAEL LUCIO,$15.68,$17.37,$16.52
27,LA PAZ,BAJA CALIFORNIA SUR,COMONDU,$16.09,$17.77,$16.93
,,,LOS CABOS,$16.09,$17.77,$16.93
,,,LA PAZ,$16.09,$17.77,$16.93
28,LAZARO CARDENAS,MICHOACÁN DE OCAMPO,ARTEAGA,$16.00,$17.70,$16.84
,,,LAZARO CARDENAS,$16.00,$17.70,$16.84
,,GUERRERO,LA UNIÓN DE ISIDORO MONTES DE OCA,$16.00,$17.70,$16.84
29,LEON,JALISCO,UNION DE SAN ANTONIO,$16.16,$17.86,$17.02
,,,LAGOS DE MORENO,$16.16,$17.86,$17.02
,,,SAN DIEGO DE ALEJANDRIA,$16.16,$17.86,$17.02
,,GUANAJUATO,ROMITA,$16.16,$17.86,$17.02
,,,MANUEL DOBLADO,$16.16,$17.86,$17.02
,,,PURISIMA DEL RINCON,$16.16,$17.86,$17.02
,,,SAN FRANCISCO DEL RINCON,$16.16,$17.86,$17.02
,,,LEON,$16.16,$17.86,$17.02
30,MADERO,VERACRUZ DE IGNACIO DE LA LLAVE,CHINAMPA DE GOROSTIZA,$15.45,$17.15,$16.31
,,,OZULUAMA DE MASCAREÑAS,$15.45,$17.15,$16.31
,,,PANUCO,$15.45,$17.15,$16.31
,,,TAMPICO ALTO,$15.45,$17.15,$16.31
,,,CUICHAPA,$15.45,$17.15,$16.31
,,,PUEBLO VIEJO,$15.45,$17.15,$16.31
,,SAN LUIS POTOSÍ,EBANO,$15.45,$17.15,$16.31
,,HIDALGO,JALTOCAN,$15.45,$17.15,$16.31
32,MANTE,SAN LUIS POTOSÍ,EL NARANJO,$15.72,$17.42,$16.57
33,MANZANILLO,JALISCO,CIHUATLAN,$16.04,$17.74,$16.89
,,,CUAUTITLAN DE GARCÍA BARRAGÁN,$16.04,$17.74,$16.89
,,,LA HUERTA,$16.04,$17.74,$16.89
,,MICHOACÁN DE OCAMPO,AQUILA,$16.04,$17.74,$16.89
,,,COAHUAYANA,$16.04,$17.74,$16.89
,,COLIMA,ARMERIA,$16.04,$17.74,$16.89
,,,IXTLAHUACAN,$16.04,$17.74,$16.89
,,,MANZANILLO,$16.04,$17.74,$16.89
,,,MINATITLAN,$16.04,$17.74,$16.89
,,,TECOMAN,$16.04,$17.74,$16.89
34,MATEHUALA,SAN LUIS POTOSÍ,CATORCE,$16.07,$17.76,$16.91
,,,VILLA DE GUADALUPE,$16.07,$17.76,$16.91
,,,VANEGAS,$16.07,$17.76,$16.91
,,,CEDRAL,$16.07,$17.76,$16.91
,,,MATEHUALA,$16.07,$17.76,$16.91
,,,VILLA DE LA PAZ,$16.07,$17.76,$16.91
35,MAZATLAN,SINALOA,ELOTA,$16.01,$17.71,$16.90
,,,ESCUINAPA,$16.01,$17.71,$16.90
,,,ROSARIO,$16.01,$17.71,$16.90
,,,CONCORDIA,$16.01,$17.71,$16.90
,,,MAZATLAN,$16.01,$17.71,$16.90
,,NAYARIT,TUXPAN,$16.01,$17.71,$16.90
36,MERIDA,YUCATÁN,RIO LAGARTOS,$15.49,$17.20,$16.36
,,,CHEMAX,$15.49,$17.20,$16.36
,,,ESPITA,$15.49,$17.20,$16.36
,,,TEMOZON,$15.49,$17.20,$16.36
,,,VALLADOLID,$15.49,$17.20,$16.36
,,,PETO,$15.49,$17.20,$16.36
,,,TZUCACAB,$15.49,$17.20,$16.36
,,,TINUM,$15.49,$17.20,$16.36
,,,DZILAM DE BRAVO,$15.49,$17.20,$16.36
,,,TEKAX,$15.49,$17.20,$16.36
,,,OXKUTZCAB,$15.49,$17.20,$16.36
,,,AKIL,$15.49,$17.20,$16.36
,,,CACALCHEN,$15.49,$17.20,$16.36
,,,CHUMAYEL,$15.49,$17.20,$16.36
,,,IZAMAL,$15.49,$17.20,$16.36
,,,CANSAHCAB,$15.49,$17.20,$16.36
,,,CELESTUN,$15.49,$17.20,$16.36
,,,TELCHAC PUEBLO,$15.49,$17.20,$16.36
,,,TICUL,$15.49,$17.20,$16.36
,,,MAXCANU,$15.49,$17.20,$16.36
,,,SUMA,$15.49,$17.20,$16.36
,,,TEKANTO,$15.49,$17.20,$16.36
,,,MOTUL,$15.49,$17.20,$16.36
,,,HOCTUN,$15.49,$17.20,$16.36
,,,MUNA,$15.49,$17.20,$16.36
,,,KOPOMA,$15.49,$17.20,$16.36
,,,HUNUCMA,$15.49,$17.20,$16.36
,,,TIXKOKOB,$15.49,$17.20,$16.36
,,,ACANCEH,$15.49,$17.20,$16.36
,,,KINCHIL,$15.49,$17.20,$16.36
,,,KANASIN,$15.49,$17.20,$16.36
,,,MERIDA,$15.49,$17.20,$16.36
,,,MAYAPAN,$15.49,$17.20,$16.36
,,,UMAN,$15.49,$17.20,$16.36
,,QUINTANA ROO,JOSE MARIA MORELOS,$15.49,$17.20,$16.36
38,MINATITLAN,VERACRUZ DE IGNACIO DE LA LLAVE,SAYULA DE ALEMAN,$15.54,$17.24,$16.38
,,,CHINAMECA,$15.54,$17.24,$16.38
,,,ACAYUCAN,$15.54,$17.24,$16.38
,,,ZARAGOZA,$15.54,$17.24,$16.38
,,,MECAYAPAN,$15.54,$17.24,$16.38
,,,MINATITLAN,$15.54,$17.24,$16.38
,,,TEXISTEPEC,$15.54,$17.24,$16.38
40,MORELIA,MICHOACÁN DE OCAMPO,IRIMBO,$16.23,$17.92,$17.09
,,,SALVADOR ESCALANTE,$16.23,$17.92,$17.09
,,,ERONGARICUARO,$16.23,$17.92,$17.09
,,,MARAVATIO,$16.23,$17.92,$17.09
,,,TZITZIO,$16.23,$17.92,$17.09
,,,ANGAMACUTIRO,$16.23,$17.92,$17.09
,,,PATZCUARO,$16.23,$17.92,$17.09
,,,HIDALGO,$16.23,$17.92,$17.09
,,,MADERO,$16.23,$17.92,$17.09
,,,PURUANDIRO,$16.23,$17.92,$17.09
,,,TZINTZUNTZAN,$16.23,$17.92,$17.09
,,,HUIRAMBA,$16.23,$17.92,$17.09
,,,QUIROGA,$16.23,$17.92,$17.09
,,,LAGUNILLAS,$16.23,$17.92,$17.09
,,,ACUITZIO,$16.23,$17.92,$17.09
,,,QUERENDARO,$16.23,$17.92,$17.09
,,,ZINAPECUARO,$16.23,$17.92,$17.09
,,,MORELOS,$16.23,$17.92,$17.09
,,,COENEO,$16.23,$17.92,$17.09
,,,HUANIQUEO,$16.23,$17.92,$17.09
,,,INDAPARAPEO,$16.23,$17.92,$17.09
,,,SANTA ANA MAYA,$16.23,$17.92,$17.09
,,,CHARO,$16.23,$17.92,$17.09
,,,HUANDACAREO,$16.23,$17.92,$17.09
,,,ALVARO OBREGON,$16.23,$17.92,$17.09
,,,MORELIA,$16.23,$17.92,$17.09
,,,TARIMBARO,$16.23,$17.92,$17.09
,,,CUITZEO,$16.23,$17.92,$17.09
,,GUANAJUATO,URIANGATO,$16.23,$17.92,$17.09
,,,MOROLEON,$16.23,$17.92,$17.09
44,OAXACA,OAXACA,SANTA MARIA LA ASUNCION,$15.98,$17.67,$16.87
,,,HEROICA CIUDAD DE TLAXIACO,$15.98,$17.67,$16.87
,,,SAN JUAN TEPOSCOLULA,$15.98,$17.67,$16.87
,,,SAN JUAN LACHAO,$15.98,$17.67,$16.87
,,,TAMAZULAPAM DEL ESPIRITU SANTO,$15.98,$17.67,$16.87
,,,VILLA DE CHILAPA DE DIAZ,$15.98,$17.67,$16.87
,,,SANTO DOMINGO TEOJOMULCO,$15.98,$17.67,$16.87
,,,TEPELMEME VILLA DE MORELOS,$15.98,$17.67,$16.87
,,,VILLA TEJUPAM DE LA UNION,$15.98,$17.67,$16.87
,,,ASUNCION NOCHIXTLAN,$15.98,$17.67,$16.87
,,,MIAHUATLAN DE PORFIRIO DIAZ,$15.98,$17.67,$16.87
,,,SANTA MARIA LACHIXIO,$15.98,$17.67,$16.87
,,,IXTLAN DE JUAREZ,$15.98,$17.67,$16.87
,,,SAN PEDRO Y SAN PABLO AYUTLA,$15.98,$17.67,$16.87
,,,HEROICA CIUDAD DE EJUTLA DE CRESPO,$15.98,$17.67,$16.87
,,,ZIMATLAN DE ALVAREZ,$15.98,$17.67,$16.87
,,,AYOQUEZCO DE ALDAMA,$15.98,$17.67,$16.87
,,,SAN PEDRO APOSTOL,$15.98,$17.67,$16.87
,,,SANTA CRUZ MIXTEPEC,$15.98,$17.67,$16.87
,,,SAN PABLO HUITZO,$15.98,$17.67,$16.87
,,,SAN DIONISIO OCOTEPEC,$15.98,$17.67,$16.87
,,,SAN DIONISIO OCOTLAN,$15.98,$17.67,$16.87
,,,OCOTLAN DE MORELOS,$15.98,$17.67,$16.87
,,,SAN PABLO HUIXTEPEC,$15.98,$17.67,$16.87
,,,MAGDALENA APASCO,$15.98,$17.67,$16.87
,,,VILLA DE ETLA,$15.98,$17.67,$16.87
,,,SAN LORENZO CACAOTEPEC,$15.98,$17.67,$16.87
,,,SAN BARTOLO COYOTEPEC,$15.98,$17.67,$16.87
,,,SAN PABLO VILLA DE MITLA,$15.98,$17.67,$16.87
,,,CUILAPAM DE GUERRERO,$15.98,$17.67,$16.87
,,,OAXACA DE JUAREZ,$15.98,$17.67,$16.87
,,,SAN ANTONIO DE LA CAL,$15.98,$17.67,$16.87
,,,SAN FRANCISCO LACHIGOLO,$15.98,$17.67,$16.87
,,,SAN JACINTO AMILPAS,$15.98,$17.67,$16.87
,,,SANTA CRUZ XOXOCOTLAN,$15.98,$17.67,$16.87
,,,SANTA LUCIA DEL CAMINO,$15.98,$17.67,$16.87
,,,SANTA MARIA DEL TULE,$15.98,$17.67,$16.87
,,,TEOTITLAN DEL VALLE,$15.98,$17.67,$16.87
,,,TLACOLULA DE MATAMOROS,$15.98,$17.67,$16.87
46,PACHUCA,TLAXCALA,CALPULALPAN,$15.87,$17.58,$16.77
,,ESTADO DE MÉXICO,ZUMPANGO,$15.87,$17.58,$16.77
,,,TEOTIHUACAN,$15.87,$17.58,$16.77
,,,SAN MARTIN DE LAS PIRAMIDES,$15.87,$17.58,$16.77
,,,OTUMBA,$15.87,$17.58,$16.77
,,,AXAPUSCO,$15.87,$17.58,$16.77
,,,TEMASCALAPA,$15.87,$17.58,$16.77
,,HIDALGO,ACAXOCHITLAN,$15.87,$17.58,$16.77
,,,IXMIQUILPAN,$15.87,$17.58,$16.77
,,,CUAUTEPEC DE HINOJOSA,$15.87,$17.58,$16.77
,,,APAN,$15.87,$17.58,$16.77
,,,ALMOLOYA,$15.87,$17.58,$16.77
,,,EMILIANO ZAPATA,$15.87,$17.58,$16.77
,,,FRANCISCO I MADERO,$15.87,$17.58,$16.77
,,,SANTIAGO DE ANAYA,$15.87,$17.58,$16.77
,,,SAN SALVADOR,$15.87,$17.58,$16.77
,,,ATOTONILCO EL GRANDE,$15.87,$17.58,$16.77
,,,TEPEAPULCO,$15.87,$17.58,$16.77
,,,TULANCINGO DE BRAVO,$15.87,$17.58,$16.77
,,,HUICHAPAN,$15.87,$17.58,$16.77
,,,SANTIAGO TULANTEPEC DE LUGO GUERRERO,$15.87,$17.58,$16.77
,,,HUASCA DE OCAMPO,$15.87,$17.58,$16.77
,,,TLANALAPA,$15.87,$17.58,$16.77
,,,TIZAYUCA,$15.87,$17.58,$16.77
,,,EL ARENAL,$15.87,$17.58,$16.77
,,,ACTOPAN,$15.87,$17.58,$16.77
,,,SINGUILUCAN,$15.87,$17.58,$16.77
,,,TOLCAYUCA,$15.87,$17.58,$16.77
,,,ZEMPOALA,$15.87,$17.58,$16.77
,,,EPAZOYUCAN,$15.87,$17.58,$16.77
,,,ZAPOTLAN DE JUAREZ,$15.87,$17.58,$16.77
,,,SAN AGUSTIN TLAXIACA,$15.87,$17.58,$16.77
,,,MINERAL DE LA REFORMA,$15.87,$17.58,$16.77
,,,MINERAL DEL MONTE,$15.87,$17.58,$16.77
,,,PACHUCA DE SOTO,$15.87,$17.58,$16.77
47,PAJARITOS,VERACRUZ DE IGNACIO DE LA LLAVE,SAN JUAN EVANGELISTA,$15.48,$17.20,$16.35
,,,OLUTA,$15.48,$17.20,$16.35
,,,JALTIPAN,$15.48,$17.20,$16.35
,,,LAS CHOAPAS,$15.48,$17.20,$16.35
,,,AGUA DULCE,$15.48,$17.20,$16.35
,,,OTEAPAN,$15.48,$17.20,$16.35
,,,COATZACOALCOS,$15.48,$17.20,$16.35
,,,COSOLEACAQUE,$15.48,$17.20,$16.35
,,,IXHUATLAN DEL SURESTE,$15.48,$17.20,$16.35
,,,MOLOACAN,$15.48,$17.20,$16.35
,,,NANCHITAL DE LAZARO CARDENAS DEL RIO,$15.48,$17.20,$16.35
48,PARRAL,DURANGO,EL ORO,$16.44,$18.31,$17.44
,,,HIDALGO,$16.44,$18.31,$17.44
,,,OCAMPO,$16.44,$18.31,$17.44
49,PEROTE,VERACRUZ DE IGNACIO DE LA LLAVE,JALACINGO,$15.78,$17.51,$16.66
,,,ALTOTONGA,$15.78,$17.51,$16.66
,,,PEROTE,$15.78,$17.51,$16.66
,,,LAS VIGAS DE RAMIREZ,$15.78,$17.51,$16.66
,,TLAXCALA,EL CARMEN TEQUEXQUITLA,$15.78,$17.51,$16.66
,,PUEBLA,ATEMPAN,$15.78,$17.51,$16.66
,,,ZACAPOAXTLA,$15.78,$17.51,$16.66
,,,TLATLAUQUITEPEC,$15.78,$17.51,$16.66
,,,QUIMIXTLAN,$15.78,$17.51,$16.66
,,,TLACHICHUCA,$15.78,$17.51,$16.66
,,,ACATENO,$15.78,$17.51,$16.66
,,,CUYOACO,$15.78,$17.51,$16.66
,,,LIBRES,$15.78,$17.51,$16.66
,,,ORIENTAL,$15.78,$17.51,$16.66
,,,LAFRAGUA,$15.78,$17.51,$16.66
,,,SAN SALVADOR EL SECO,$15.78,$17.51,$16.66
,,,GUADALUPE VICTORIA,$15.78,$17.51,$16.66
,,,XIUTETELCO,$15.78,$17.51,$16.66
,,,TEPEYAHUALCO,$15.78,$17.51,$16.66
50,POZA RICA,VERACRUZ DE IGNACIO DE LA LLAVE,NAUTLA,$15.56,$17.26,$16.43
,,,TAMIAHUA,$15.56,$17.26,$16.43
,,,MARTINEZ DE LA TORRE,$15.56,$17.26,$16.43
,,,COYUTLA,$15.56,$17.26,$16.43
,,,TECOLUTLA,$15.56,$17.26,$16.43
,,,ALAMO TEMAPACHE,$15.56,$17.26,$16.43
,,,TUXPAN,$15.56,$17.26,$16.43
,,,ESPINAL,$15.56,$17.26,$16.43
,,,GUTIERREZ ZAMORA,$15.56,$17.26,$16.43
,,,CERRO AZUL,$15.56,$17.26,$16.43
,,,CASTILLO DE TEAYO,$15.56,$17.26,$16.43
,,,CAZONES DE HERRERA,$15.56,$17.26,$16.43
,,,PAPANTLA,$15.56,$17.26,$16.43
,,,TIHUATLAN,$15.56,$17.26,$16.43
,,,COATZINTLA,$15.56,$17.26,$16.43
,,,POZA RICA DE HIDALGO,$15.56,$17.26,$16.43
,,PUEBLA,HUAUCHINANGO,$15.56,$17.26,$16.43
,,,XICOTEPEC,$15.56,$17.26,$16.43
,,,AYOTOXCO DE GUERRERO,$15.56,$17.26,$16.43
,,,PANTEPEC,$15.56,$17.26,$16.43
,,,VENUSTIANO CARRANZA,$15.56,$17.26,$16.43
51,PROGRESO,YUCATÁN,BUCTZOTZ,$15.43,$17.12,$16.28
,,,DZILAM GONZALEZ,$15.43,$17.12,$16.28
,,,DZIDZANTUN,$15.43,$17.12,$16.28
,,,MOCOCHA,$15.43,$17.12,$16.28
,,,TELCHAC PUERTO,$15.43,$17.12,$16.28
,,,CONKAL,$15.43,$17.12,$16.28
,,,PROGRESO,$15.43,$17.12,$16.28
52,PUEBLA,TLAXCALA,XALOZTOC,$15.87,$17.56,$16.73
,,,ATLANGATEPEC,$15.87,$17.56,$16.73
,,,HUAMANTLA,$15.87,$17.56,$16.73
,,,CUAPIAXTLA,$15.87,$17.56,$16.73
,,,TETLA DE LA SOLIDARIDAD,$15.87,$17.56,$16.73
,,,IXTACUIXTLA DE MARIANO MATAMOROS,$15.87,$17.56,$16.73
,,,APIZACO,$15.87,$17.56,$16.73
,,,TOTOLAC,$15.87,$17.56,$16.73
,,,YAUHQUEMEHCAN,$15.87,$17.56,$16.73
,,,TEPETITLA DE LARDIZABAL,$15.87,$17.56,$16.73
,,,SANTA CRUZ TLAXCALA,$15.87,$17.56,$16.73
,,,CHIAUTEMPAN,$15.87,$17.56,$16.73
,,,NATIVITAS,$15.87,$17.56,$16.73
,,,TETLATLAHUCA,$15.87,$17.56,$16.73
,,,HUEYOTLIPAN,$15.87,$17.56,$16.73
,,,TLAXCALA,$15.87,$17.56,$16.73
,,,TEPEYANCO,$15.87,$17.56,$16.73
,,,ACUAMANALA DE MIGUEL HIDALGO,$15.87,$17.56,$16.73
,,,ZACATELCO,$15.87,$17.56,$16.73
,,,PAPALOTLA DE XICOHTENCATL,$15.87,$17.56,$16.73
,,,SAN PABLO DEL MONTE,$15.87,$17.56,$16.73
,,,TENANCINGO,$15.87,$17.56,$16.73
,,,XICOHTZINCO,$15.87,$17.56,$16.73
,,PUEBLA,YEHUALTEPEC,$15.87,$17.56,$16.73
,,,MOLCAXAC,$15.87,$17.56,$16.73
,,,TEPEOJUMA,$15.87,$17.56,$16.73
,,,MAZAPILTEPEC DE JUAREZ,$15.87,$17.56,$16.73
,,,TECAMACHALCO,$15.87,$17.56,$16.73
,,,HUITZILTEPEC,$15.87,$17.56,$16.73
,,,TOCHTEPEC,$15.87,$17.56,$16.73
,,,SAN JOSE CHIAPA,$15.87,$17.56,$16.73
,,,SAN SALVADOR HUIXCOLOTLA,$15.87,$17.56,$16.73
,,,TLAHUAPAN,$15.87,$17.56,$16.73
,,,ATLIXCO,$15.87,$17.56,$16.73
,,,SANTO TOMAS HUEYOTLIPAN,$15.87,$17.56,$16.73
,,,HUAQUECHULA,$15.87,$17.56,$16.73
,,,CUAPIAXTLA DE MADERO,$15.87,$17.56,$16.73
,,,ACATZINGO,$15.87,$17.56,$16.73
,,,RAFAEL LARA GRAJALES,$15.87,$17.56,$16.73
,,,SAN SALVADOR EL VERDE,$15.87,$17.56,$16.73
,,,GENERAL FELIPE ANGELES,$15.87,$17.56,$16.73
,,,SAN MATIAS TLALANCALECA,$15.87,$17.56,$16.73
,,,TECALI DE HERRERA,$15.87,$17.56,$16.73
,,,MIXTLA,$15.87,$17.56,$16.73
,,,SAN MARTIN TEXMELUCAN,$15.87,$17.56,$16.73
,,,LOS REYES DE JUAREZ,$15.87,$17.56,$16.73
,,,OCOYUCAN,$15.87,$17.56,$16.73
,,,SANTA ISABEL CHOLULA,$15.87,$17.56,$16.73
,,,HUEJOTZINGO,$15.87,$17.56,$16.73
,,,TEPEACA,$15.87,$17.56,$16.73
,,,NEALTICAN,$15.87,$17.56,$16.73
,,,SAN GREGORIO ATZOMPA,$15.87,$17.56,$16.73
,,,ACAJETE,$15.87,$17.56,$16.73
,,,SAN ANDRES CHOLULA,$15.87,$17.56,$16.73
,,,SAN PEDRO CHOLULA,$15.87,$17.56,$16.73
,,,TEPATLAXCO DE HIDALGO,$15.87,$17.56,$16.73
,,,AMOZOC,$15.87,$17.56,$16.73
,,,CUAUTLANCINGO,$15.87,$17.56,$16.73
,,,CORONANGO,$15.87,$17.56,$16.73
,,,PUEBLA,$15.87,$17.56,$16.73
53,QUERETARO,QUERÉTARO,TEQUISQUIAPAN,$16.10,$17.81,$16.96
,,,CADEREYTA DE MONTES,$16.10,$17.81,$16.96
,,,EZEQUIEL MONTES,$16.10,$17.81,$16.96
,,,SAN JUAN DEL RIO,$16.10,$17.81,$16.96
,,,COLON,$16.10,$17.81,$16.96
,,,PEDRO ESCOBEDO,$16.10,$17.81,$16.96
,,,HUIMILPAN,$16.10,$17.81,$16.96
,,,EL MARQUES,$16.10,$17.81,$16.96
,,,QUERETARO,$16.10,$17.81,$16.96
,,,CORREGIDORA,$16.10,$17.81,$16.96
,,GUANAJUATO,SAN DIEGO DE LA UNION,$16.10,$17.81,$16.96
,,,SAN LUIS DE LA PAZ,$16.10,$17.81,$16.96
,,,SANTA CATARINA,$16.10,$17.81,$16.96
,,,VICTORIA,$16.10,$17.81,$16.96
,,,SAN JOSE ITURBIDE,$16.10,$17.81,$16.96
,,,CORONEO,$16.10,$17.81,$16.96
,,,DOCTOR MORA,$16.10,$17.81,$16.96
57,SALINA CRUZ,OAXACA,SAN PEDRO TOTOLAPAM,$15.84,$17.53,$16.69
,,,SANTOS REYES NOPALA,$15.84,$17.53,$16.69
,,,SANTA MARIA TONAMECA,$15.84,$17.53,$16.69
,,,SANTA MARIA HUATULCO,$15.84,$17.53,$16.69
,,,SAN PEDRO TAPANATEPEC,$15.84,$17.53,$16.69
,,,CANDELARIA LOXICHA,$15.84,$17.53,$16.69
,,,SAN FRANCISCO IXHUATAN,$15.84,$17.53,$16.69
,,,NEJAPA DE MADERO,$15.84,$17.53,$16.69
,,,SAN JUAN GUICHICOVI,$15.84,$17.53,$16.69
,,,MATIAS ROMERO AVENDAÑO,$15.84,$17.53,$16.69
,,,SANTO DOMINGO ZANATEPEC,$15.84,$17.53,$16.69
,,,SANTIAGO NILTEPEC,$15.84,$17.53,$16.69
,,,SANTA MARIA PETAPA,$15.84,$17.53,$16.69
,,,UNION HIDALGO,$15.84,$17.53,$16.69
,,,SANTIAGO ASTATA,$15.84,$17.53,$16.69
,,,ASUNCION IXTALTEPEC,$15.84,$17.53,$16.69
,,,EL ESPINAL,$15.84,$17.53,$16.69
,,,HEROICA CIUDAD DE JUCHITAN DE ZARAGOZA,$15.84,$17.53,$16.69
,,,CIUDAD IXTEPEC,$15.84,$17.53,$16.69
,,,SANTA MARIA JALAPA DEL MARQUES,$15.84,$17.53,$16.69
,,,SALINA CRUZ,$15.84,$17.53,$16.69
,,,SANTO DOMINGO TEHUANTEPEC,$15.84,$17.53,$16.69
,,CHIAPAS,PIJIJIAPAN,$15.84,$17.53,$16.69
,,,TONALA,$15.84,$17.53,$16.69
,,,ARRIAGA,$15.84,$17.53,$16.69
59,SAN JUAN IXHUATEPEC,ESTADO DE MÉXICO,NEXTLALPAN,$16.27,$18.19,$16.93
,,,TULTEPEC,$16.27,$18.19,$16.93
,,,TULTITLAN,$16.27,$18.19,$16.93
,,,SANTO TOMAS,$16.27,$18.19,$16.93
,,,ACOLMAN,$16.27,$18.19,$16.93
,,,COACALCO DE BERRIOZABAL,$16.27,$18.19,$16.93
,,,TEXCOCO,$16.27,$18.19,$16.93
,,,TECAMAC,$16.27,$18.19,$16.93
,,,TEZOYUCA,$16.27,$18.19,$16.93
,,,ECATEPEC DE MORELOS,$16.27,$18.19,$16.93
,,,JALTENCO,$16.27,$18.19,$16.93
,,CIUDAD DE MÉXICO,IZTAPALAPA,$16.27,$18.19,$16.93
60,SAN LUIS POTOSI,SAN LUIS POTOSÍ,VILLA HIDALGO,$15.90,$17.75,$16.74
,,,AHUALULCO,$15.90,$17.75,$16.74
,,,SANTA MARIA DEL RIO,$15.90,$17.75,$16.74
,,,VILLA DE REYES,$15.90,$17.75,$16.74
,,,MEXQUITIC DE CARMONA,$15.90,$17.75,$16.74
,,,ZARAGOZA,$15.90,$17.75,$16.74
,,,SAN LUIS POTOSI,$15.90,$17.75,$16.74
,,,SOLEDAD DE GRACIANO SANCHEZ,$15.90,$17.75,$16.74
,,GUANAJUATO,SAN FELIPE,$15.90,$17.75,$16.74
62,TAPACHULA,CHIAPAS,VILLA COMALTITLAN,$16.02,$17.73,$16.90
,,,SUCHIATE,$16.02,$17.73,$16.90
,,,HUIXTLA,$16.02,$17.73,$16.90
,,,CACAHOATAN,$16.02,$17.73,$16.90
,,,FRONTERA HIDALGO,$16.02,$17.73,$16.90
,,,MAZATAN,$16.02,$17.73,$16.90
,,,HUEHUETAN,$16.02,$17.73,$16.90
,,,TAPACHULA,$16.02,$17.73,$16.90
,,,TUXTLA CHICO,$16.02,$17.73,$16.90
63,TEHUACAN,PUEBLA,ATZITZIHUACAN,$15.86,$17.55,$16.72
,,,COXCATLAN,$15.86,$17.55,$16.72
,,,TLACOTEPEC DE BENITO JUAREZ,$15.86,$17.55,$16.72
,,,ESPERANZA,$15.86,$17.55,$16.72
,,,VICENTE GUERRERO,$15.86,$17.55,$16.72
,,,ZAPOTITLAN,$15.86,$17.55,$16.72
,,,ZINACATEPEC,$15.86,$17.55,$16.72
,,,AJALPAN,$15.86,$17.55,$16.72
,,,SAN GABRIEL CHILAC,$15.86,$17.55,$16.72
,,,ALTEPEXI,$15.86,$17.55,$16.72
,,,CAÑADA MORELOS,$15.86,$17.55,$16.72
,,,TEPANCO DE LOPEZ,$15.86,$17.55,$16.72
,,,TEHUACAN,$15.86,$17.55,$16.72
,,,CHAPULCO,$15.86,$17.55,$16.72
,,,SANTIAGO MIAHUATLAN,$15.86,$17.55,$16.72
,,OAXACA,SAN SEBASTIAN TECOMAXTLAHUACA,$15.86,$17.55,$16.72
,,,HEROICA CIUDAD DE HUAJUAPAN DE LEON,$15.86,$17.55,$16.72
,,,TEOTITLAN DE FLORES MAGON,$15.86,$17.55,$16.72
,,,SANTIAGO CHAZUMBA,$15.86,$17.55,$16.72
64,TEPIC,NAYARIT,ROSAMORADA,$16.41,$18.11,$17.31
,,,BAHIA DE BANDERAS,$16.41,$18.11,$17.31
,,,COMPOSTELA,$16.41,$18.11,$17.31
,,,IXTLAN DEL RIO,$16.41,$18.11,$17.31
,,,SAN BLAS,$16.41,$18.11,$17.31
,,,SAN PEDRO LAGUNILLAS,$16.41,$18.11,$17.31
,,,JALA,$16.41,$18.11,$17.31
,,,RUIZ,$16.41,$18.11,$17.31
,,,SANTIAGO IXCUINTLA,$16.41,$18.11,$17.31
,,,SANTA MARIA DEL ORO,$16.41,$18.11,$17.31
,,,TEPIC,$16.41,$18.11,$17.31
,,,XALISCO,$16.41,$18.11,$17.31
65,TIERRA BLANCA,VERACRUZ DE IGNACIO DE LA LLAVE,AMATITLAN,$15.68,$17.38,$16.56
,,,CARRILLO PUERTO,$15.68,$17.38,$16.56
,,,COSAMALOAPAN DE CARPIO,$15.68,$17.38,$16.56
,,,JOSE AZUETA,$15.68,$17.38,$16.56
,,,TLACOJALPAN,$15.68,$17.38,$16.56
,,,TEZONAPA,$15.68,$17.38,$16.56
,,,COTAXTLA,$15.68,$17.38,$16.56
,,,TRES VALLES,$15.68,$17.38,$16.56
,,,TIERRA BLANCA,$15.68,$17.38,$16.56
,,OAXACA,LOMA BONITA,$15.68,$17.38,$16.56
,,,SAN JOSE CHILTEPEC,$15.68,$17.38,$16.56
,,,SAN JUAN BAUTISTA TUXTEPEC,$15.68,$17.38,$16.56
,,,ACATLAN DE PEREZ FIGUEROA,$15.68,$17.38,$16.56
,,,COSOLAPA,$15.68,$17.38,$16.56
,,,SAN MIGUEL SOYALTEPEC,$15.68,$17.38,$16.56
66,TOLUCA,MICHOACÁN DE OCAMPO,TLALPUJAHUA,$16.04,$17.74,$16.92
,,,CONTEPEC,$16.04,$17.74,$16.92
,,,ZITACUARO,$16.04,$17.74,$16.92
,,,JUAREZ,$16.04,$17.74,$16.92
,,ESTADO DE MÉXICO,ZACAZONAPAN,$16.04,$17.74,$16.92
,,,TEMASCALCINGO,$16.04,$17.74,$16.92
,,,SULTEPEC,$16.04,$17.74,$16.92
,,,TEJUPILCO,$16.04,$17.74,$16.92
,,,VALLE DE BRAVO,$16.04,$17.74,$16.92
,,,COATEPEC HARINAS,$16.04,$17.74,$16.92
,,,ACAMBAY DE RUIZ CASTAÑEDA,$16.04,$17.74,$16.92
,,,SAN FELIPE DEL PROGRESO,$16.04,$17.74,$16.92
,,,ALMOLOYA DE ALQUISIRAS,$16.04,$17.74,$16.92
,,,IXTAPAN DE LA SAL,$16.04,$17.74,$16.92
,,,TEXCALTITLAN,$16.04,$17.74,$16.92
,,,VILLA DE ALLENDE,$16.04,$17.74,$16.92
,,,TONATICO,$16.04,$17.74,$16.92
,,,AMANALCO,$16.04,$17.74,$16.92
,,,EL ORO,$16.04,$17.74,$16.92
,,,MALINALCO,$16.04,$17.74,$16.92
,,,ATLACOMULCO,$16.04,$17.74,$16.92
,,,MORELOS,$16.04,$17.74,$16.92
,,,ZUMPAHUACAN,$16.04,$17.74,$16.92
,,,TEMASCALTEPEC,$16.04,$17.74,$16.92
,,,JOCOTITLAN,$16.04,$17.74,$16.92
,,,OCUILAN,$16.04,$17.74,$16.92
,,,VILLA GUERRERO,$16.04,$17.74,$16.92
,,,JIQUIPILCO,$16.04,$17.74,$16.92
,,,TENANCINGO,$16.04,$17.74,$16.92
,,,VILLA VICTORIA,$16.04,$17.74,$16.92
,,,IXTLAHUACA,$16.04,$17.74,$16.92
,,,JOQUICINGO,$16.04,$17.74,$16.92
,,,TIANGUISTENCO,$16.04,$17.74,$16.92
,,,XALATLACO,$16.04,$17.74,$16.92
,,,TEXCALYACAC,$16.04,$17.74,$16.92
,,,OTZOLOTEPEC,$16.04,$17.74,$16.92
,,,TENANGO DEL VALLE,$16.04,$17.74,$16.92
,,,ALMOLOYA DE JUAREZ,$16.04,$17.74,$16.92
,,,CAPULHUAC,$16.04,$17.74,$16.92
,,ESTADO DE MÉXICO,RAYON,$16.04,$17.74,$16.92
,,,CALIMAYA,$16.04,$17.74,$16.92
,,,TEMOAYA,$16.04,$17.74,$16.92
,,,LERMA,$16.04,$17.74,$16.92
,,,XONACATLAN,$16.04,$17.74,$16.92
,,,ZINACANTEPEC,$16.04,$17.74,$16.92
,,,SAN MATEO ATENCO,$16.04,$17.74,$16.92
,,,OCOYOACAC,$16.04,$17.74,$16.92
,,,TOLUCA,$16.04,$17.74,$16.92
,,,CHAPULTEPEC,$16.04,$17.74,$16.92
,,,METEPEC,$16.04,$17.74,$16.92
,,,MEXICALTZINGO,$16.04,$17.74,$16.92
67,TOPOLOBAMPO,SINALOA,EL FUERTE,$16.01,$17.71,$16.90
,,,AHOME,$16.01,$17.71,$16.90
68,TULA,ESTADO DE MÉXICO,CHAPA DE MOTA,$15.92,$17.62,$16.79
,,,HUEYPOXTLA,$15.92,$17.62,$16.79
,,,JILOTEPEC,$15.92,$17.62,$16.79
,,,SOYANIQUILPAN DE JUAREZ,$15.92,$17.62,$16.79
,,,COYOTEPEC,$15.92,$17.62,$16.79
,,,TEOLOYUCAN,$15.92,$17.62,$16.79
,,,TEQUIXQUIAC,$15.92,$17.62,$16.79
,,,HUEHUETOCA,$15.92,$17.62,$16.79
,,,APAXCO,$15.92,$17.62,$16.79
,,HIDALGO,CHAPANTONGO,$15.92,$17.62,$16.79
,,,CHILCUAUTLA,$15.92,$17.62,$16.79
,,,PROGRESO DE OBREGON,$15.92,$17.62,$16.79
,,,AJACUBA,$15.92,$17.62,$16.79
,,,TEPEJI DEL RIO DE OCAMPO,$15.92,$17.62,$16.79
,,,MIXQUIAHUALA DE JUAREZ,$15.92,$17.62,$16.79
,,,TETEPANGO,$15.92,$17.62,$16.79
,,,TEZONTEPEC DE ALDAMA,$15.92,$17.62,$16.79
,,,TULA DE ALLENDE,$15.92,$17.62,$16.79
,,,ATOTONILCO DE TULA,$15.92,$17.62,$16.79
,,,ATITALAQUIA,$15.92,$17.62,$16.79
,,,TEPETITLAN,$15.92,$17.62,$16.79
,,,TLAHUELILPAN,$15.92,$17.62,$16.79
,,,TLAXCOAPAN,$15.92,$17.62,$16.79
69,TUXTLA GUTIERREZ,CHIAPAS,LAS ROSAS,$15.80,$17.50,$16.67
,,,SIMOJOVEL,$15.80,$17.50,$16.67
,,,SOCOLTENANGO,$15.80,$17.50,$16.67
,,,TEOPISCA,$15.80,$17.50,$16.67
,,,JITOTOL,$15.80,$17.50,$16.67
,,,VENUSTIANO CARRANZA,$15.80,$17.50,$16.67
,,,AMATENANGO DEL VALLE,$15.80,$17.50,$16.67
,,,VILLA CORZO,$15.80,$17.50,$16.67
,,,VILLAFLORES,$15.80,$17.50,$16.67
,,,BOCHIL,$15.80,$17.50,$16.67
,,,SAN CRISTOBAL DE LAS CASAS,$15.80,$17.50,$16.67
,,,TECPATAN,$15.80,$17.50,$16.67
,,,CINTALAPA,$15.80,$17.50,$16.67
,,,JIQUIPILAS,$15.80,$17.50,$16.67
,,,COPAINALA,$15.80,$17.50,$16.67
,,,IXTAPA,$15.80,$17.50,$16.67
,,,ACALA,$15.80,$17.50,$16.67
,,,SUCHIAPA,$15.80,$17.50,$16.67
,,,CHIAPA DE CORZO,$15.80,$17.50,$16.67
,,,OCOZOCOAUTLA DE ESPINOSA,$15.80,$17.50,$16.67
,,,TUXTLA GUTIERREZ,$15.80,$17.50,$16.67
,,,BERRIOZABAL,$15.80,$17.50,$16.67
,,,SAN FERNANDO,$15.80,$17.50,$16.67
70,URUAPAN,MICHOACÁN DE OCAMPO,BUENAVISTA,$16.36,$18.04,$17.20
,,,LA HUACANA,$16.36,$18.04,$17.20
,,,APATZINGAN,$16.36,$18.04,$17.20
,,,PARACUARO,$16.36,$18.04,$17.20
,,,MUGICA,$16.36,$18.04,$17.20
,,,TANCITARO,$16.36,$18.04,$17.20
,,,NAHUATZEN,$16.36,$18.04,$17.20
,,,CHERAN,$16.36,$18.04,$17.20
,,,GABRIEL ZAMORA,$16.36,$18.04,$17.20
,,,NUEVO URECHO,$16.36,$18.04,$17.20
,,,PARACHO,$16.36,$18.04,$17.20
,,,TARETAN,$16.36,$18.04,$17.20
,,,TINGAMBATO,$16.36,$18.04,$17.20
,,,NUEVO PARANGARICUTIRO,$16.36,$18.04,$17.20
,,,URUAPAN,$16.36,$18.04,$17.20
,,,ZIRACUARETIRO,$16.36,$18.04,$17.20
71,VALLES,SAN LUIS POTOSÍ,ALAQUINES,$15.73,$17.47,$16.63
,,,CIUDAD FERNANDEZ,$15.73,$17.47,$16.63
,,,SAN MARTIN CHALCHICUAUTLA,$15.73,$17.47,$16.63
,,,TAMAZUNCHALE,$15.73,$17.47,$16.63
,,,CARDENAS,$15.73,$17.47,$16.63
,,,RAYON,$15.73,$17.47,$16.63
,,,TANQUIAN DE ESCOBEDO,$15.73,$17.47,$16.63
,,,XILITLA,$15.73,$17.47,$16.63
,,,RIO VERDE,$15.73,$17.47,$16.63
,,,AXTLA DE TERRAZAS,$15.73,$17.47,$16.63
,,,SAN VICENTE TANCUAYALAB,$15.73,$17.47,$16.63
,,,HUEHUETLAN,$15.73,$17.47,$16.63
,,,TANCANHUITZ,$15.73,$17.47,$16.63
,,,TAMASOPO,$15.73,$17.47,$16.63
,,,CIUDAD VALLES,$15.73,$17.47,$16.63
,,,AQUISMON,$15.73,$17.47,$16.63
,,QUERÉTARO,LANDA DE MATAMOROS,$15.73,$17.47,$16.63
72,VERACRUZ,VERACRUZ DE IGNACIO DE LA LLAVE,TLALIXCOYAN,$15.41,$17.12,$16.27
,,,ACTOPAN,$15.41,$17.12,$16.27
,,,ALVARADO,$15.41,$17.12,$16.27
,,,JAMAPA,$15.41,$17.12,$16.27
,,,PASO DE OVEJAS,$15.41,$17.12,$16.27
,,,SOLEDAD DE DOBLADO,$15.41,$17.12,$16.27
,,,PUENTE NACIONAL,$15.41,$17.12,$16.27
,,,URSULO GALVAN,$15.41,$17.12,$16.27
,,,MEDELLIN DE BRAVO,$15.41,$17.12,$16.27
,,,LA ANTIGUA,$15.41,$17.12,$16.27
,,,MANLIO FABIO ALTAMIRANO,$15.41,$17.12,$16.27
,,,VERACRUZ,$15.41,$17.12,$16.27
,,,BOCA DEL RIO,$15.41,$17.12,$16.27
74,VILLAHERMOSA,TABASCO,PARAISO,$15.65,$17.35,$16.51
,,,CENTLA,$15.65,$17.35,$16.51
,,,COMALCALCO,$15.65,$17.35,$16.51
,,,TACOTALPA,$15.65,$17.35,$16.51
,,,HUIMANGUILLO,$15.65,$17.35,$16.51
,,,TEAPA,$15.65,$17.35,$16.51
,,,MACUSPANA,$15.65,$17.35,$16.51
,,,EMILIANO ZAPATA,$15.65,$17.35,$16.51
,,,JALAPA,$15.65,$17.35,$16.51
,,,JALPA DE MENDEZ,$15.65,$17.35,$16.51
,,,CARDENAS,$15.65,$17.35,$16.51
,,,CUNDUACAN,$15.65,$17.35,$16.51
,,,NACAJUCA,$15.65,$17.35,$16.51
,,,CENTRO,$15.65,$17.35,$16.51
,,CHIAPAS,IXTACOMITAN,$15.65,$17.35,$16.51
,,,PICHUCALCO,$15.65,$17.35,$16.51
,,,JUAREZ,$15.65,$17.35,$16.51
,,,REFORMA,$15.65,$17.35,$16.51
,,CAMPECHE,PALIZADA,$15.65,$17.35,$16.51
75,ZACATECAS,ZACATECAS,RIO GRANDE,$16.20,$17.93,$17.06
,,,CAÑITAS DE FELIPE PESCADOR,$16.20,$17.93,$17.06
,,,TABASCO,$16.20,$17.93,$17.06
,,,SAIN ALTO,$16.20,$17.93,$17.06
,,,TEPETONGO,$16.20,$17.93,$17.06
,,,VILLA HIDALGO,$16.20,$17.93,$17.06
,,,VILLA DE COS,$16.20,$17.93,$17.06
,,,FRESNILLO,$16.20,$17.93,$17.06
,,,VILLANUEVA,$16.20,$17.93,$17.06
,,,JEREZ,$16.20,$17.93,$17.06
,,,VILLA GONZALEZ ORTEGA,$16.20,$17.93,$17.06
,,,GENERAL ENRIQUE ESTRADA,$16.20,$17.93,$17.06
,,,CUAUHTEMOC,$16.20,$17.93,$17.06
,,,CALERA,$16.20,$17.93,$17.06
,,,MORELOS,$16.20,$17.93,$17.06
,,,GENERAL PANFILO NATERA,$16.20,$17.93,$17.06
,,,PANUCO,$16.20,$17.93,$17.06
,,,OJOCALIENTE,$16.20,$17.93,$17.06
,,,ZACATECAS,$16.20,$17.93,$17.06
,,,GUADALUPE,$16.20,$17.93,$17.06
,,SAN LUIS POTOSÍ,SANTO DOMINGO,$16.20,$17.93,$17.06
,,,VILLA DE RAMOS,$16.20,$17.93,$17.06
,,,SALINAS,$16.20,$17.93,$17.06
,,JALISCO,COLOTLAN,$16.20,$17.93,$17.06
,,,SANTA MARIA DE LOS ANGELES,$16.20,$17.93,$17.06
,,,HUEJUCAR,$16.20,$17.93,$17.06
76,ZAMORA,MICHOACÁN DE OCAMPO,PAJACUARAN,$16.37,$18.08,$17.23
,,,LOS REYES,$16.37,$18.08,$17.23
,,,TANHUATO,$16.37,$18.08,$17.23
,,,TOCUMBO,$16.37,$18.08,$17.23
,,,ZACAPU,$16.37,$18.08,$17.23
,,,VENUSTIANO CARRANZA,$16.37,$18.08,$17.23
,,,VILLAMAR,$16.37,$18.08,$17.23
,,,YURECUARO,$16.37,$18.08,$17.23
,,,PUREPERO,$16.37,$18.08,$17.23
,,,BRISEÑAS,$16.37,$18.08,$17.23
,,,NUMARAN,$16.37,$18.08,$17.23
,,,CHAVINDA,$16.37,$18.08,$17.23
,,,TLAZAZALCA,$16.37,$18.08,$17.23
,,,TANGAMANDAPIO,$16.37,$18.08,$17.23
,,,CHILCHOTA,$16.37,$18.08,$17.23
,,,VISTA HERMOSA,$16.37,$18.08,$17.23
,,,TANGANCICUARO,$16.37,$18.08,$17.23
,,,CHURINTZIO,$16.37,$18.08,$17.23
,,,IXTLAN,$16.37,$18.08,$17.23
,,,JACONA,$16.37,$18.08,$17.23
,,,ZAMORA,$16.37,$18.08,$17.23
,,,ECUANDUREO,$16.37,$18.08,$17.23
,,JALISCO,JAMAY,$16.37,$18.08,$17.23
,,,LA BARCA,$16.37,$18.08,$17.23
77,ZONA DE DISTRIBUCIÓN PENÍNSULA DE YUCATÁN,QUINTANA ROO,BENITO JUAREZ,$15.98,$17.68,$16.85
,,,COZUMEL,$15.98,$17.68,$16.85
,,,FELIPE CARRILLO PUERTO,$15.98,$17.68,$16.85
,,,ISLA MUJERES,$15.98,$17.68,$16.85
,,,SOLIDARIDAD,$15.98,$17.68,$16.85
,,,OTHON P BLANCO,$15.98,$17.68,$16.85
,,,LAZARO CARDENAS,$15.98,$17.68,$16.85
,,CAMPECHE,HOPELCHEN,$15.98,$17.68,$16.85
,,YUCATÁN,PANABA,$15.98,$17.68,$16.85
,,,SAN FELIPE,$15.98,$17.68,$16.85
,,,SUCILA,$15.98,$17.68,$16.85
,,,TIZIMIN,$15.98,$17.68,$16.85
79,ZONA DE DISTRIBUCIÓN NOROESTE,SINALOA,SAN IGNACIO,$16.61,$18.41,$17.55
,,,CHOIX,$16.61,$18.41,$17.55
,,,COSALA,$16.61,$18.41,$17.55
,,,BADIRAGUATO,$16.61,$18.41,$17.55
80,ZONA DE DISTRIBUCIÓN PENÍNSULA DE BAJA CALIFORNIA,BAJA CALIFORNIA SUR,LORETO,$16.65,$18.33,$17.55
,,,MULEGE,$16.65,$18.33,$17.55
81,ZONA DE DISTRIBUCIÓN CENTRO,HIDALGO,AGUA BLANCA DE ITURBIDE,$16.47,$18.17,$17.37
,,,ALFAJAYUCAN,$16.47,$18.17,$17.37
,,,ATLAPEXCO,$16.47,$18.17,$17.37
,,,ELOXOCHITLAN,$16.47,$18.17,$17.37
,,,HUEJUTLA DE REYES,$16.47,$18.17,$17.37
,,,JACALA DE LEDEZMA,$16.47,$18.17,$17.37
,,,LOLOTLA,$16.47,$18.17,$17.37
,,,METZTITLAN,$16.47,$18.17,$17.37
,,,MOLANGO DE ESCAMILLA,$16.47,$18.17,$17.37
,,,SAN FELIPE ORIZATLAN,$16.47,$18.17,$17.37
,,,NOPALA DE VILLAGRAN,$16.47,$18.17,$17.37
,,,TASQUILLO,$16.47,$18.17,$17.37
,,,TECOZAUTLA,$16.47,$18.17,$17.37
,,,TENANGO DE DORIA,$16.47,$18.17,$17.37
,,,ZIMAPAN,$16.47,$18.17,$17.37
,,,ZACUALTIPAN DE ANGELES,$16.47,$18.17,$17.37
,,JALISCO,ATOTONILCO EL ALTO,$16.47,$18.17,$17.37
,,,AUTLAN DE NAVARRO,$16.47,$18.17,$17.37
,,,AYOTLAN,$16.47,$18.17,$17.37
,,,ARANDAS,$16.47,$18.17,$17.37
,,,BOLAÑOS,$16.47,$18.17,$17.37
,,,CABO CORRIENTES,$16.47,$18.17,$17.37
,,,CAÑADAS DE OBREGON,$16.47,$18.17,$17.37
,,,CASIMIRO CASTILLO,$16.47,$18.17,$17.37
,,,DEGOLLADO,$16.47,$18.17,$17.37
,,,HUEJUQUILLA EL ALTO,$16.47,$18.17,$17.37
,,,VILLA HIDALGO,$16.47,$18.17,$17.37
,,,JALOSTOTITLAN,$16.47,$18.17,$17.37
,,,JILOTLAN DE LOS DOLORES,$16.47,$18.17,$17.37
,,,JESUS MARIA,$16.47,$18.17,$17.37
,,,EL LIMON,$16.47,$18.17,$17.37
,,,PUERTO VALLARTA,$16.47,$18.17,$17.37
,,,MASCOTA,$16.47,$18.17,$17.37
,,,MAZAMITLA,$16.47,$18.17,$17.37
,,,OJUELOS DE JALISCO,$16.47,$18.17,$17.37
,,,MEXTICACAN,$16.47,$18.17,$17.37
,,,MEZQUITIC,$16.47,$18.17,$17.37
,,,SAN JUAN DE LOS LAGOS,$16.47,$18.17,$17.37
,,,TALPA DE ALLENDE,$16.47,$18.17,$17.37
,,,SAN MARTIN DE BOLAÑOS,$16.47,$18.17,$17.37
,,,SAN MIGUEL EL ALTO,$16.47,$18.17,$17.37
,,,SAN SEBASTIAN DEL OESTE,$16.47,$18.17,$17.37
,,,TECALITLAN,$16.47,$18.17,$17.37
,,,TIZAPAN EL ALTO,$16.47,$18.17,$17.37
,,,TOLIMAN,$16.47,$18.17,$17.37
,,,TOMATLAN,$16.47,$18.17,$17.37
,,,TONAYA,$16.47,$18.17,$17.37
,,,TONILA,$16.47,$18.17,$17.37
,,,TOTATICHE,$16.47,$18.17,$17.37
,,,HIDALGO,$16.47,$18.17,$17.37
,,,TUXCACUESCO,$16.47,$18.17,$17.37
,,,TUXPAN,$16.47,$18.17,$17.37
,,,VALLE DE GUADALUPE,$16.47,$18.17,$17.37
,,,VALLE DE JUAREZ,$16.47,$18.17,$17.37
,,,VILLA GUERRERO,$16.47,$18.17,$17.37
,,,ZAPOTILTIC,$16.47,$18.17,$17.37
,,,ZAPOTITLAN DE VADILLO,$16.47,$18.17,$17.37
,,,VILLA PURIFICACION,$16.47,$18.17,$17.37
,,,YAHUALICA DE GONZALEZ GALLO,$16.47,$18.17,$17.37
,,NAYARIT,ACAPONETA,$16.47,$18.17,$17.37
,,,AMATLAN DE CAÑAS,$16.47,$18.17,$17.37
,,,TECUALA,$16.47,$18.17,$17.37
,,,LA YESCA,$16.47,$18.17,$17.37
,,DURANGO,CUENCAME,$16.47,$18.17,$17.37
,,,GENERAL SIMON BOLIVAR,$16.47,$18.17,$17.37
,,,GUANACEVI,$16.47,$18.17,$17.37
,,,PEÑON BLANCO,$16.47,$18.17,$17.37
,,,RODEO,$16.47,$18.17,$17.37
,,,SAN DIMAS,$16.47,$18.17,$17.37
,,,SAN JUAN DE GUADALUPE,$16.47,$18.17,$17.37
,,,SAN LUIS DEL CORDERO,$16.47,$18.17,$17.37
,,,SANTA CLARA,$16.47,$18.17,$17.37
,,,TAMAZULA,$16.47,$18.17,$17.37
,,,TEPEHUANES,$16.47,$18.17,$17.37
,,,MAPIMI,$16.47,$18.17,$17.37
,,QUERÉTARO,AMEALCO DE BONFIL,$16.47,$18.17,$17.37
,,,ARROYO SECO,$16.47,$18.17,$17.37
,,,JALPAN DE SERRA,$16.47,$18.17,$17.37
,,,PEÑAMILLER,$16.47,$18.17,$17.37
,,,PINAL DE AMOLES,$16.47,$18.17,$17.37
,,,SAN JOAQUIN,$16.47,$18.17,$17.37
,,,TOLIMAN,$16.47,$18.17,$17.37
,,ZACATECAS,JALPA,$16.47,$18.17,$17.37
,,,GENERAL FRANCISCO R MURGUIA,$16.47,$18.17,$17.37
,,,APOZOL,$16.47,$18.17,$17.37
,,,HUANUSCO,$16.47,$18.17,$17.37
,,,JUAN ALDAMA,$16.47,$18.17,$17.37
,,,JUCHIPILA,$16.47,$18.17,$17.37
,,,MAZAPIL,$16.47,$18.17,$17.37
,,,CHALCHIHUITES,$16.47,$18.17,$17.37
,,,ATOLINGA,$16.47,$18.17,$17.37
,,,CONCEPCION DEL ORO,$16.47,$18.17,$17.37
,,,MIGUEL AUZA,$16.47,$18.17,$17.37
,,,PINOS,$16.47,$18.17,$17.37
,,,LORETO,$16.47,$18.17,$17.37
,,,LUIS MOYA,$16.47,$18.17,$17.37
,,,MOMAX,$16.47,$18.17,$17.37
,,,MONTE ESCOBEDO,$16.47,$18.17,$17.37
,,,MOYAHUA DE ESTRADA,$16.47,$18.17,$17.37
,,,NOCHISTLAN DE MEJIA,$16.47,$18.17,$17.37
,,,NORIA DE ANGELES,$16.47,$18.17,$17.37
,,,SOMBRERETE,$16.47,$18.17,$17.37
,,,TEPECHITLAN,$16.47,$18.17,$17.37
,,,TLALTENANGO DE SANCHEZ ROMAN,$16.47,$18.17,$17.37
,,,VALPARAISO,$16.47,$18.17,$17.37
,,AGUASCALIENTES,RINCON DE ROMOS,$16.47,$18.17,$17.37
,,,COSIO,$16.47,$18.17,$17.37
,,,CALVILLO,$16.47,$18.17,$17.37
,,,JESUS MARIA,$16.47,$18.17,$17.37
,,,ASIENTOS,$16.47,$18.17,$17.37
,,SAN LUIS POTOSÍ,SAN CIRO DE ACOSTA,$16.47,$18.17,$17.37
,,,GUADALCAZAR,$16.47,$18.17,$17.37
,,,CERRITOS,$16.47,$18.17,$17.37
,,,CHARCAS,$16.47,$18.17,$17.37
,,,MOCTEZUMA,$16.47,$18.17,$17.37
,,,CIUDAD DEL MAIZ,$16.47,$18.17,$17.37
,,,VENADO,$16.47,$18.17,$17.37
,,,VILLA DE ARISTA,$16.47,$18.17,$17.37
,,,VILLA DE ARRIAGA,$16.47,$18.17,$17.37
,,,TAMUIN,$16.47,$18.17,$17.37
,,,TIERRA NUEVA,$16.47,$18.17,$17.37
,,,VILLA JUAREZ,$16.47,$18.17,$17.37
,,TLAXCALA,MUÑOZ DE DOMINGO ARENAS,$16.47,$18.17,$17.37
,,,SANCTORUM DE LAZARO CARDENAS,$16.47,$18.17,$17.37
,,,APETATITLAN DE ANTONIO CARVAJAL,$16.47,$18.17,$17.37
82,ZONA DE DISTRIBUCIÓN BAJÍO,ESTADO DE MÉXICO,CHIAUTLA,$16.68,$18.37,$17.53
,,,ACULCO,$16.68,$18.37,$17.53
,,,AMATEPEC,$16.68,$18.37,$17.53
,,,AMECAMECA,$16.68,$18.37,$17.53
,,,COCOTITLAN,$16.68,$18.37,$17.53
,,,JUCHITEPEC,$16.68,$18.37,$17.53
,,,OZUMBA,$16.68,$18.37,$17.53
,,,POLOTITLAN,$16.68,$18.37,$17.53
,,,TEMAMATLA,$16.68,$18.37,$17.53
,,,TEPETLAOXTOC,$16.68,$18.37,$17.53
,,,TLALMANALCO,$16.68,$18.37,$17.53
,,,TLATLAYA,$16.68,$18.37,$17.53
,,,TIMILPAN,$16.68,$18.37,$17.53
,,,VILLA DEL CARBON,$16.68,$18.37,$17.53
,,PUEBLA,CHIGNAHUAPAN,$16.68,$18.37,$17.53
,,,CHIGNAUTLA,$16.68,$18.37,$17.53
,,,CHILA,$16.68,$18.37,$17.53
,,,CUETZALAN DEL PROGRESO,$16.68,$18.37,$17.53
,,,CHALCHICOMULA DE SESMA,$16.68,$18.37,$17.53
,,,AHUAZOTEPEC,$16.68,$18.37,$17.53
,,,ALJOJUCA,$16.68,$18.37,$17.53
,,,FRANCISCO Z MENA,$16.68,$18.37,$17.53
,,,HUEHUETLAN EL CHICO,$16.68,$18.37,$17.53
,,,HUEYTAMALCO,$16.68,$18.37,$17.53
,,,HUITZILAN DE SERDAN,$16.68,$18.37,$17.53
,,,PALMAR DE BRAVO,$16.68,$18.37,$17.53
,,,QUECHOLAC,$16.68,$18.37,$17.53
,,,TEPEXI DE RODRIGUEZ,$16.68,$18.37,$17.53
,,,TETELA DE OCAMPO,$16.68,$18.37,$17.53
,,,ACATLAN,$16.68,$18.37,$17.53
,,,AHUACATLAN,$16.68,$18.37,$17.53
,,,CHIAUTLA,$16.68,$18.37,$17.53
,,,GUADALUPE,$16.68,$18.37,$17.53
,,,HUEHUETLA,$16.68,$18.37,$17.53
,,,ZARAGOZA,$16.68,$18.37,$17.53
,,,TETELES DE AVILA CASTILLO,$16.68,$18.37,$17.53
,,,TEZIUTLAN,$16.68,$18.37,$17.53
,,,TULCINGO,$16.68,$18.37,$17.53
,,,TUZAMAPAN DE GALEANA,$16.68,$18.37,$17.53
,,,ZACATLAN,$16.68,$18.37,$17.53
,,,IXCAQUIXTLA,$16.68,$18.37,$17.53
,,,IXTACAMAXTITLAN,$16.68,$18.37,$17.53
,,,ZAUTLA,$16.68,$18.37,$17.53
,,MICHOACÁN DE OCAMPO,JIQUILPAN,$16.68,$18.37,$17.53
,,,JOSE SIXTO VERDUZCO,$16.68,$18.37,$17.53
,,,JUNGAPEO,$16.68,$18.37,$17.53
,,,ANGANGUEO,$16.68,$18.37,$17.53
,,,CHURUMUCO,$16.68,$18.37,$17.53
,,,COALCOMAN DE VAZQUEZ PALLARES,$16.68,$18.37,$17.53
,,,ARIO,$16.68,$18.37,$17.53
,,,COJUMATLAN DE REGULES,$16.68,$18.37,$17.53
,,,COTIJA,$16.68,$18.37,$17.53
,,,EPITACIO HUERTA,$16.68,$18.37,$17.53
,,,NOCUPETARO,$16.68,$18.37,$17.53
,,,HUETAMO,$16.68,$18.37,$17.53
,,,AGUILILLA,$16.68,$18.37,$17.53
,,,PENJAMILLO,$16.68,$18.37,$17.53
,,,PERIBAN,$16.68,$18.37,$17.53
,,,LA PIEDAD,$16.68,$18.37,$17.53
,,,OCAMPO,$16.68,$18.37,$17.53
,,,SAN LUCAS,$16.68,$18.37,$17.53
,,,TUXPAN,$16.68,$18.37,$17.53
,,,SAHUAYO,$16.68,$18.37,$17.53
,,,SENGUIO,$16.68,$18.37,$17.53
,,,TACAMBARO,$16.68,$18.37,$17.53
,,,TEPALCATEPEC,$16.68,$18.37,$17.53
,,,TIQUICHEO DE NICOLAS ROMERO,$16.68,$18.37,$17.53
,,,TUMBISCATIO,$16.68,$18.37,$17.53
,,,TURICATO,$16.68,$18.37,$17.53
,,,TUZANTLA,$16.68,$18.37,$17.53
,,GUERRERO,COAHUAYUTLA DE JOSE MARIA IZAZAGA,$16.68,$18.37,$17.53
,,,ATLAMAJALCINGO DEL MONTE,$16.68,$18.37,$17.53
,,,CHILAPA DE ALVAREZ,$16.68,$18.37,$17.53
,,,COYUCA DE CATALAN,$16.68,$18.37,$17.53
,,,CUAJINICUILAPA,$16.68,$18.37,$17.53
,,,GENERAL HELIODORO CASTILLO,$16.68,$18.37,$17.53
,,,CUTZAMALA DE PINZON,$16.68,$18.37,$17.53
,,,HUAMUXTITLAN,$16.68,$18.37,$17.53
,,,OLINALA,$16.68,$18.37,$17.53
,,,ARCELIA,$16.68,$18.37,$17.53
,,,AJUCHITLAN DEL PROGRESO,$16.68,$18.37,$17.53
,,,PETATLAN,$16.68,$18.37,$17.53
,,,PUNGARABATO,$16.68,$18.37,$17.53
,,,QUECHULTENANGO,$16.68,$18.37,$17.53
,,,TLACOACHISTLAHUACA,$16.68,$18.37,$17.53
,,,TLALCHAPA,$16.68,$18.37,$17.53
,,,TLALIXTAQUILLA DE MALDONADO,$16.68,$18.37,$17.53
,,,TLAPA DE COMONFORT,$16.68,$18.37,$17.53
,,,TLAPEHUALA,$16.68,$18.37,$17.53
,,,XALPATLAHUAC,$16.68,$18.37,$17.53
,,,ZIHUATANEJO DE AZUETA,$16.68,$18.37,$17.53
,,,ZIRANDARO,$16.68,$18.37,$17.53
,,HIDALGO,ACATLAN,$16.68,$18.37,$17.53
,,,HUEHUETLA,$16.68,$18.37,$17.53
,,NAYARIT,AHUACATLAN,$16.68,$18.37,$17.53
83,ZONA DE DISTRIBUCIÓN SUR,CHIAPAS,ACAPETAHUA,$16.20,$17.89,$17.03
,,,ALTAMIRANO,$16.20,$17.89,$17.03
,,,SAN LUCAS,$16.20,$17.89,$17.03
,,,ANGEL ALBINO CORZO,$16.20,$17.89,$17.03
,,,CATAZAJA,$16.20,$17.89,$17.03
,,,COMITAN DE DOMINGUEZ,$16.20,$17.89,$17.03
,,,LA CONCORDIA,$16.20,$17.89,$17.03
,,,CHICOMUSELO,$16.20,$17.89,$17.03
,,,CHILON,$16.20,$17.89,$17.03
,,,ESCUINTLA,$16.20,$17.89,$17.03
,,,FRONTERA COMALAPA,$16.20,$17.89,$17.03
,,,MAPASTEPEC,$16.20,$17.89,$17.03
,,,LAS MARGARITAS,$16.20,$17.89,$17.03
,,,MOTOZINTLA,$16.20,$17.89,$17.03
,,,OCOSINGO,$16.20,$17.89,$17.03
,,,PALENQUE,$16.20,$17.89,$17.03
,,,EL PORVENIR,$16.20,$17.89,$17.03
,,,SILTEPEC,$16.20,$17.89,$17.03
,,,TAPILULA,$16.20,$17.89,$17.03
,,,LA TRINITARIA,$16.20,$17.89,$17.03
,,,TZIMOL,$16.20,$17.89,$17.03
,,,YAJALON,$16.20,$17.89,$17.03
,,VERACRUZ DE IGNACIO DE LA LLAVE,COSAUTLAN DE CARVAJAL,$16.20,$17.89,$17.03
,,,ALTO LUCERO DE GUTIERREZ BARRIOS,$16.20,$17.89,$17.03
,,,EL HIGO,$16.20,$17.89,$17.03
,,,HUATUSCO,$16.20,$17.89,$17.03
,,,HUAYACOCOTLA,$16.20,$17.89,$17.03
,,,HUEYAPAN DE OCAMPO,$16.20,$17.89,$17.03
,,,IGNACIO DE LA LLAVE,$16.20,$17.89,$17.03
,,,ISLA,$16.20,$17.89,$17.03
,,,IXHUATLAN DE MADERO,$16.20,$17.89,$17.03
,,,JESUS CARRANZA,$16.20,$17.89,$17.03
,,,JUAN RODRIGUEZ CLARA,$16.20,$17.89,$17.03
,,,LERDO DE TEJADA,$16.20,$17.89,$17.03
,,,MISANTLA,$16.20,$17.89,$17.03
,,,NARANJOS AMATLAN,$16.20,$17.89,$17.03
,,,OMEALCA,$16.20,$17.89,$17.03
,,,PASO DEL MACHO,$16.20,$17.89,$17.03
,,,CATEMACO,$16.20,$17.89,$17.03
,,,CHALMA,$16.20,$17.89,$17.03
,,,CHICOMUSELO,$16.20,$17.89,$17.03
,,,CHICONTEPEC,$16.20,$17.89,$17.03
,,,CHILON,$16.20,$17.89,$17.03
,,,CHONTLA,$16.20,$17.89,$17.03
,,,COLIPA,$16.20,$17.89,$17.03
,,,PLATON SANCHEZ,$16.20,$17.89,$17.03
,,,PLAYA VICENTE,$16.20,$17.89,$17.03
,,,SAN ANDRES TUXTLA,$16.20,$17.89,$17.03
,,,SANTIAGO TUXTLA,$16.20,$17.89,$17.03
,,,SOCONUSCO,$16.20,$17.89,$17.03
,,,TAMALIN,$16.20,$17.89,$17.03
,,,TLACOTALPAN,$16.20,$17.89,$17.03
,,,TANTOYUCA,$16.20,$17.89,$17.03
,,,TEMPOAL,$16.20,$17.89,$17.03
,,,TLAPACOYAN,$16.20,$17.89,$17.03
,,,TOTUTLA,$16.20,$17.89,$17.03
,,,VEGA DE ALATORRE,$16.20,$17.89,$17.03
,,,ZENTLA,$16.20,$17.89,$17.03
,,,ANGEL R CABADA,$16.20,$17.89,$17.03
,,,APAZAPAN,$16.20,$17.89,$17.03
,,OAXACA,CHALCATONGO DE HIDALGO,$16.20,$17.89,$17.03
,,,SAN MIGUEL EL GRANDE,$16.20,$17.89,$17.03
,,,SAN MIGUEL TLACOTEPEC,$16.20,$17.89,$17.03
,,,SAN PEDRO JICAYAN,$16.20,$17.89,$17.03
,,,SAN PEDRO MIXTEPEC,$16.20,$17.89,$17.03
,,,SANTA CATARINA JUQUILA,$16.20,$17.89,$17.03
,,,SANTA MARIA COLOTEPEC,$16.20,$17.89,$17.03
,,,SANTA MARIA ZACATEPEC,$16.20,$17.89,$17.03
,,,SANTIAGO JAMILTEPEC,$16.20,$17.89,$17.03
,,,SANTIAGO JUXTLAHUACA,$16.20,$17.89,$17.03
,,,SANTIAGO PINOTEPA NACIONAL,$16.20,$17.89,$17.03
,,,SANTIAGO TAMAZOLA,$16.20,$17.89,$17.03
,,,SANTO DOMINGO TONALA,$16.20,$17.89,$17.03
,,,SANTO TOMAS OCOTEPEC,$16.20,$17.89,$17.03
,,,SANTOS REYES TEPEJILLO,$16.20,$17.89,$17.03
,,,SILACAYOAPAM,$16.20,$17.89,$17.03
,,,"HEROICA VILLA TEZOATLAN DE SEGURA Y LUNA, CUNA DE LA INDEPENDENCIA DE OAXACA",$16.20,$17.89,$17.03
,,,HUAUTLA DE JIMENEZ,$16.20,$17.89,$17.03
,,,MARISCALA DE JUAREZ,$16.20,$17.89,$17.03
,,,PINOTEPA DE DON LUIS,$16.20,$17.89,$17.03
,,,SAN FELIPE JALAPA DE DIAZ,$16.20,$17.89,$17.03
,,,SAN JUAN CACAHUATEPEC,$16.20,$17.89,$17.03
,,,SAN JUAN COTZOCON,$16.20,$17.89,$17.03
,,,PUTLA VILLA DE GUERRERO,$16.20,$17.89,$17.03
,,,SAN ANDRES HUAXPALTEPEC,$16.20,$17.89,$17.03
,,,VILLA DE TUTUTEPEC,$16.20,$17.89,$17.03
,,TABASCO,TENOSIQUE,$16.20,$17.89,$17.03
,,,JONUTA,$16.20,$17.89,$17.03
,,,BALANCAN,$16.20,$17.89,$17.03
"Notas:
1. La lista de municipios no considera a aquellos que no cuentan con al menos una estación de servicio.
2. En el supuesto de que en algún municipio que no esté listado se ubique una o más estaciones de servicio, el precio máximo al público de las gasolinas y el diésel será el aplicable en el municipio más próximo de los que se encuentran listados.
",,,,,,
